{
 "1": {
  "1": [
   [
    100,
    0,
    [
     499.0882394362686,
     499.9681606195223
    ]
   ],
   [
    0.009123163221849029,
    182
   ]
  ],
  "2": [
   [
    99.6587683677815,
    182,
    [
     526.3486215382673,
     416.0693314070942
    ]
   ],
   [
    0.8821644957468618,
    288
   ]
  ],
  "3": [
   [
    90.58712341031288,
    288,
    [
     528.3005448618235,
     414.65117610112503
    ]
   ],
   [
    0.02412709914782818,
    324
   ]
  ],
  "4": [
   [
    90.0958524188346,
    324,
    [
     505.45317827937066,
     419.50753378510575
    ]
   ],
   [
    0.2335779034300418,
    168
   ]
  ],
  "5": [
   [
    87.51007338453418,
    168,
    [
     491.8455166819307,
     410.67061501806603
    ]
   ],
   [
    0.16225276190120808,
    213
   ]
  ],
  "6": [
   [
    85.6375457655221,
    213,
    [
     502.9810836570039,
     406.83633181891184
    ]
   ],
   [
    0.1177720592957674,
    341
   ]
  ],
  "7": [
   [
    84.20982517256444,
    341,
    [
     585.986251185471,
     454.75938763560237
    ]
   ],
   [
    0.9584611163338097,
    30
   ]
  ],
  "8": [
   [
    74.37521400922634,
    30,
    [
     555.8912272531235,
     485.9236972118009
    ]
   ],
   [
    0.4332348851200364,
    134
   ]
  ],
  "9": [
   [
    69.79286515802598,
    134,
    [
     634.1269813412621,
     503.98584423947386
    ]
   ],
   [
    0.8029367579697027,
    13
   ]
  ],
  "10": [
   [
    61.51349757832895,
    13,
    [
     706.2942650085093,
     477.7191010967504
    ]
   ],
   [
    0.7679881917864843,
    340
   ]
  ],
  "16": [
   [
    73.77974049746149,
    212,
    [
     705.9299015081587,
     467.5751657230707
    ]
   ],
   [
    0.5243172054196856,
    109
   ]
  ],
  "17": [
   [
    68.28656844326463,
    109,
    [
     780.6284023713097,
     467.5751657230395
    ]
   ],
   [
    0.74698500863151,
    0
   ]
  ],
  "18": [
   [
    60.56671835694953,
    0,
    [
     683.6177875208482,
     488.19540846119077
    ]
   ],
   [
    0.9917788969445184,
    168
   ]
  ],
  "19": [
   [
    50.398929387504346,
    168,
    [
     684.08500716019,
     485.54567421481704
    ]
   ],
   [
    0.026906106681926834,
    280
   ]
  ],
  "20": [
   [
    49.87986832068508,
    280,
    [
     630.5121535710354,
     421.70003348447256
    ]
   ],
   [
    0.8334456480151069,
    230
   ]
  ],
  "21": [
   [
    41.29541184053401,
    230,
    [
     694.3403895914762,
     469.798059248551
    ]
   ],
   [
    0.7992161031838043,
    37
   ]
  ],
  "22": [
   [
    33.053250808695964,
    37,
    [
     728.2226272306106,
     403.3004237078952
    ]
   ],
   [
    0.7463204110790925,
    297
   ]
  ],
  "23": [
   [
    25.340046697905038,
    297,
    [
     757.3328876977353,
     395.5003529242565
    ]
   ],
   [
    0.30137159267150815,
    345
   ]
  ],
  "25": [
   [
    29.21371483695062,
    297,
    [
     766.7559558279233,
     323.49324129589263
    ]
   ],
   [
    0.35037741363488784,
    253
   ]
  ],
  "26": [
   [
    25.45994070060174,
    253,
    [
     800.550896051774,
     333.8253914003862
    ]
   ],
   [
    0.3533909040305685,
    17
   ]
  ],
  "27": [
   [
    21.676031660296058,
    17,
    [
     850.815892188511,
     327.65362592095215
    ]
   ],
   [
    0.5064247748441351,
    353
   ]
  ],
  "30": [
   [
    28.929482592710077,
    232,
    [
     833.2329614631865,
     284.2778121451114
    ]
   ],
   [
    0.12664493618713935,
    15
   ]
  ],
  "31": [
   [
    27.413033230838682,
    15,
    [
     913.3451645234336,
     226.07288960972966
    ]
   ],
   [
    0.9902412880967976,
    324
   ]
  ],
  "32": [
   [
    17.260620349870706,
    324,
    [
     985.8498280579661,
     280.70907246759964
    ]
   ],
   [
    0.9078567459425729,
    37
   ]
  ],
  "33": [
   [
    7.932052890444977,
    37,
    [
     937.9151968201022,
     203.99762696067222
    ]
   ],
   [
    0.9045647983241606,
    238
   ]
  ],
  "35": [
   [
    12.900819900157455,
    325,
    [
     983.0135790599321,
     171.27159549573997
    ]
   ],
   [
    0.15458587775982224,
    321
   ]
  ],
  "36": [
   [
    11.104961122559232,
    321,
    [
     936.905454994721,
     158.0503036740488
    ]
   ],
   [
    0.4796625545367508,
    196
   ]
  ],
  "37": [
   [
    6.058335577191723,
    196,
    [
     950.8306836146376,
     237.02419958017617
    ]
   ],
   [
    0.8019219554737724,
    80
   ]
  ],
  "38": [
   [
    5.808335577191723,
    80,
    [
     983.4540663006562,
     243.95851363395977
    ]
   ],
   [
    0.3335220846173349,
    12
   ]
  ],
  "39": [
   [
    2.2231147310183745,
    12,
    [
     943.662983590828,
     310.1819961684475
    ]
   ],
   [
    0.7725852640463697,
    121
   ]
  ],
  "40": [
   [
    1.9731147310183745,
    121,
    [
     878.9387351998816,
     335.0273073204348
    ]
   ],
   [
    0.6932905463088329,
    159
   ]
  ]
 },
 "2": {
  "1": [
   [
    100,
    0,
    [
     463.1176658980618,
     481.20751213830624
    ]
   ],
   [
    0.4139401126780182,
    207
   ]
  ],
  "2": [
   [
    95.61059887321981,
    207,
    [
     415.4302477091638,
     464.7874172493768
    ]
   ],
   [
    0.5043519970897594,
    199
   ]
  ],
  "3": [
   [
    90.31707890232222,
    199,
    [
     469.22458687716056,
     547.6234353857336
    ]
   ],
   [
    0.9877062735048462,
    57
   ]
  ],
  "4": [
   [
    80.19001616727377,
    57,
    [
     429.2536307495694,
     553.240986923758
    ]
   ],
   [
    0.4036377359757355,
    172
   ]
  ],
  "5": [
   [
    75.90363880751642,
    172,
    [
     379.47869678129354,
     538.0232624420771
    ]
   ],
   [
    0.5204923813031822,
    197
   ]
  ],
  "7": [
   [
    76.9515613188421,
    298,
    [
     343.3484235379383,
     474.199475589763
    ]
   ],
   [
    0.6260879167465646,
    216
   ]
  ],
  "8": [
   [
    70.44068215137645,
    216,
    [
     369.614496695151,
     504.41513633160304
    ]
   ],
   [
    0.40036143085542386,
    49
   ]
  ],
  "9": [
   [
    66.18706784282222,
    49,
    [
     409.60778520545387,
     590.1810203159811
    ]
   ],
   [
    0.9463218258864218,
    65
   ]
  ],
  "10": [
   [
    56.473849583958,
    65,
    [
     420.5104601669599,
     580.3642076869849
    ]
   ],
   [
    0.1467099626845667,
    318
   ]
  ],
  "11": [
   [
    54.75674995711233,
    318,
    [
     432.9178841629381,
     634.1066653876861
    ]
   ],
   [
    0.5515610510113675,
    77
   ]
  ],
  "15": [
   [
    56.011950444630834,
    56,
    [
     433.43458479651383,
     756.2346106601522
    ]
   ],
   [
    0.3247087665855941,
    51
   ]
  ],
  "16": [
   [
    52.51486277877489,
    51,
    [
     410.2733417485993,
     773.062238735956
    ]
   ],
   [
    0.28628870850631727,
    144
   ]
  ],
  "20": [
   [
    66.15445791032612,
    78,
    [
     355.0769240747251,
     898.667665341752
    ]
   ],
   [
    0.9149549094841027,
    155
   ]
  ],
  "22": [
   [
    65.48749049321839,
    107,
    [
     263.3673755517416,
     940.0232259481722
    ]
   ],
   [
    0.8224567120960538,
    173
   ]
  ],
  "23": [
   [
    65.23749049321839,
    173,
    [
     212.87519586117085,
     912.0349537180623
    ]
   ],
   [
    0.5773043904502743,
    209
   ]
  ],
  "26": [
   [
    68.04712008065829,
    81,
    [
     171.25262110020518,
     930.3461410424765
    ]
   ],
   [
    0.6068449739258138,
    249
   ]
  ],
  "28": [
   [
    61.946283592664045,
    174,
    [
     198.23229555678734,
     881.6215719961359
    ]
   ],
   [
    0.9306244925866222,
    325
   ]
  ],
  "29": [
   [
    52.39003866679782,
    325,
    [
     221.60519611230447,
     863.3606607423491
    ]
   ],
   [
    0.29660636544025343,
    322
   ]
  ],
  "31": [
   [
    55.51393336506845,
    22,
    [
     261.5523474201546,
     913.6466925023527
    ]
   ],
   [
    0.3195770266789325,
    98
   ]
  ],