{"1": {"1": [[100, 0, [478.2398931600193, 466.49237386825166]], [0.3995326342956732, 237]], "2": [[95.75467365704327, 237, [473.51237948309443, 474.36027788328914]], [0.09178959590027347, 121]], "3": [[94.58677769804054, 121, [433.98917479294164, 507.5241843617405]], [0.5159387950029717, 140]], "4": [[89.17738974801082, 140, [476.7374486613023, 495.2663140808342]], [0.44471005189312895, 344]], "5": [[84.48028922907953, 344, [547.4398707984484, 548.5444106343581]], [0.8852902387593473, 37]], "6": [[75.37738684148606, 37, [503.5861187803545, 492.41416769852844]], [0.7123030070201671, 232]], "7": [[68.00435677128439, 232, [538.5269595901839, 452.2193283091623]], [0.5325868445647879, 311]], "8": [[62.428488325636515, 311, [545.4118883055211, 451.1288627279093]], [0.06970750217815347, 351]], "9": [[61.48141330385498, 351, [545.6743295464782, 451.3490770764021]], [0.003425927089668712, 40]], "10": [[61.19715403295829, 40, [534.0721167978455, 429.5284885034699]], [0.2471334510611054, 242]], "11": [[58.47581952234724, 242, [513.762215337222, 450.5600071360449]], [0.292372514667947, 134]], "12": [[55.302094375667764, 134, [481.5407805360328, 477.5970011937255]], [0.42062095862217075, 140]], "13": [[50.84588478944606, 140, [487.23742089711726, 475.0606934950843]], [0.06235749204844854, 336]], "14": [[49.972309868961574, 336, [504.63138237315565, 437.75922273464334]], [0.41157619181895566, 295]], "15": [[45.60654795077202, 295, [540.7258414271579, 382.17862984954536]], [0.6627225875024967, 303]], "16": [[38.72932207574705, 303, [480.340368611416, 438.48899423378026]], [0.8256671523238653, 137]], "17": [[30.222650552508398, 137, [426.5661522111766, 433.78435990876943]], [0.5397962517090913, 185]], "18": [[24.574688035417484, 185, [456.50549525758936, 485.64082321039035]], [0.5987868609282554, 60]], "19": [[18.33681942613493, 60, [428.97262478185957, 495.12115078831187]], [0.291193332275657, 161]], "20": [[15.174886103378359, 161, [464.5521099237425, 425.2924794683882]], [0.7837054996149637, 297]], "21": [[7.0878311072287215, 297, [467.1536785262109, 350.7933020352225]], [0.7454458798203701, 272]]}, "2": {"1": [[100, 0, [490.0235075417896, 418.747989284259]], [0.8186219913439671, 263]], "2": [[91.56378008656033, 263, [543.321535695802, 392.75280404724634]], [0.5929948954765549, 334]], "4": [[92.45288286986357, 276, [524.4279344801481, 370.75331312747267]], [0.21585214649403095, 178]], "5": [[90.04436140492327, 178, [525.0359720104559, 335.9188663467233]], [0.34839753043888266, 271]], "6": [[86.31038610053444, 271, [462.4328432086206, 308.04615761405694]], [0.6852765593448553, 204]], "7": [[79.20762050708589, 204, [520.6371582129697, 336.4342988368542]], [0.6475823381787815, 26]], "8": [[72.48179712529807, 26, [587.8455978435429, 297.6314881243571]], [0.7760562142503785, 330]], "10": [[64.83085065323101, 34, [548.3719169837739, 316.1001162304101]], [0.8123358584675949, 187]], "11": [[56.45749206855506, 187, [590.8959018955322, 368.61286428247934]], [0.675712808873382, 51]], "12": [[49.45036397982124, 51, [586.3349388616463, 281.584505205233]], [0.8714779209753172, 267]], "14": [[45.46040398151045, 329, [577.5501262133968, 243.42866565503766]], [0.3991046269695704, 218]], "15": [[41.21935771181475, 218, [590.7561623535294, 254.509845709554]], [0.17239255840525702, 40]], "16": [[39.24543212776218, 40, [607.4827700951174, 264.9617902486995]], [0.19723654610399355, 32]], "17": [[37.023066666722244, 32, [612.6429864999045, 260.7831293962785]], [0.06639957820934506, 321]], "18": [[36.10907088462879, 321, [542.561687318352, 207.9730825614697]], [0.8775129367518735, 217]], "19": [[27.083941517110055, 217, [553.2206103494177, 208.90561749209158]], [0.10699638385432164, 5]], "20": [[25.76397767856684, 5, [548.642397265757, 218.72362713354957]], [0.10832975046549476, 115]], "21": [[24.43068017391189, 115, [486.8079971524312, 218.72362713350213]], [0.6183440011332583, 180]], "24": [[21.618180081158336, 47, [525.8778822057451, 147.20070088417253]], [0.902147218864229, 288]], "25": [[12.346707892516045, 288, [556.7175072493505, 216.46763282559482]], [0.7582209660387794, 66]], "26": [[4.514498232128251, 66, [639.0313879033595, 249.72459936011407]], [0.8877838008997777, 22]]}}
