{"1": {"3": [[116.44641931474432, 124, [347.9904253843844, 570.071643251799]], [0.9392363295507717, 172]], "4": [[106.8040560192366, 172, [347.08232893329597, 577.4674953394817]], [0.07451393645980642, 97]], "5": [[105.80891665463854, 97, [436.1772569978199, 555.2536348616911]], [0.9182244716924853, 346]], "6": [[96.37667193771368, 346, [452.07770132569124, 598.9397466118044]], [0.46489789090370404, 70]], "7": [[91.47769302867664, 70, [447.27211008222645, 595.4482802012175]], [0.05940037448999935, 216]], "8": [[90.63368928377665, 216, [419.1427144289584, 571.8449146833235]], [0.36720318130285845, 220]], "9": [[86.71165747074807, 220, [391.3302076484619, 525.5571302958151]], [0.5400087514957165, 239]], "10": [[81.0615699557909, 239, [385.90593370157336, 587.5568652133019]], [0.622365638326018, 95]], "11": [[74.58791357253072, 95, [382.9111948822591, 616.0499017854833]], [0.28649984183234267, 96]], "12": [[71.4729151542073, 96, [378.77372976981644, 607.566841171043]], [0.09438269700795077, 244]], "13": [[70.27908818412779, 244, [427.92753105520023, 606.7088583781349]], [0.49161288787784263, 359]], "14": [[65.11295930534936, 359, [440.858459287795, 591.2983782013603]], [0.2011695315487112, 310]], "15": [[62.851263989862254, 310, [484.2543696447033, 618.415152581593]], [0.5117152028710178, 32]], "16": [[57.484111961152074, 32, [535.4577917626362, 679.4370148437496]], [0.7965838380565371, 50]], "17": [[49.2682735805867, 50, [444.9209563802957, 642.8577589451703]], [0.9764712245193291, 202]], "18": [[39.253561335393414, 202, [437.2655100043707, 599.4415650923444]], [0.4408595862495024, 260]], "19": [[34.59496547289839, 260, [398.28067749667935, 592.5674872828405]], [0.39586236388217855, 190]], "20": [[30.386341834076603, 190, [477.26799924177953, 545.1071162437438]], [0.9214924750443007, 329]], "21": [[20.921417083633596, 329, [454.1961294358781, 501.71524009476656]], [0.491443393695413, 242]], "22": [[15.756983146679467, 242, [463.57348465799316, 502.0427045549197]], [0.0938307113552872, 2]], "23": [[14.568676033126595, 2, [495.5736175370789, 536.358645771079]], [0.4692112877830249, 47]], "24": [[9.626563155296346, 47, [418.8488127551046, 559.8157726218599]], [0.8023049587859781, 163]], "25": [[1.3535135674365648, 163, [396.35882808909423, 526.4729991735875]], [0.4021865178620736, 236]]}}